address,city,country
5121 Maplewood St,Naples,Italy
7772 Maple Hill Ave,Rome,Italy
2027 Pine Grove Rd,New York,USA
4231 Prospect St,Manchester,UK
2263 Oak Park Ave,New York,USA
9254 Olive St,Chicago,USA
1313 Oak Knoll Ave,Madrid,Spain
5384 Cedar Meadow Rd,Tokyo,Japan
1950 Oakwood Dr,Naples,Italy
9017 Riverside St,Nagoya,Japan
4649 Maplewood Ave,Tokyo,Japan
7307 Cedar Park Rd,New York,USA
4424 Oakwood Dr,Amsterdam,Netherlands
1792 Larch Grove Ave,Houston,USA
5942 Heather Ave,Berlin,Germany
2633 High St,Milan,Italy
8635 Chestnut Blvd,Berlin,Germany
2118 Daffodil Ave,Madrid,Spain
2852 Fern Ave,Tokyo,Japan
3825 Cedar Meadow Rd,Phoenix,USA
1163 Willowdale Ave,Nagoya,Japan
8516 Lavender St,Munich,Germany
4618 Summit Ave,Los Angeles,USA
6287 Pine Forest Rd,Manchester,UK
368 Cedarwood Lane,Geneva,Switzerland
312 Adams St,Paris,France
424 Park Ave,Rome,Italy
9850 Forest Rd,Toronto,Canada
3600 Beechwood Rd,Amsterdam,Netherlands
1916 Maple Ridge Ave,Geneva,Switzerland
3445 Pine Forest Rd,Naples,Italy
3351 Maple Valley Rd,Los Angeles,USA
104 Chestnut Blvd,Naples,Italy
2324 Fir St,Geneva,Switzerland
4233 Pine Ridge St,New York,USA
4211 Marigold Rd,Rotterdam,Netherlands
5749 Summit Ridge Ave,Milan,Italy
2676 Granite St,Osaka,Japan
6780 Brookside Ave,Nagoya,Japan
7362 Sycamore Grove Rd,Toronto,Canada
