user_email,creation_date
jxhycmc@yahoo.com,2016-07-14 23:45:55
jxhycmc@yahoo.com,2024-05-26 02:01:40
htnewjt@mail.com,2024-06-07 04:08:32
tkmfalg@yahoo.com,2025-01-31 06:04:55
alklvbr@yahoo.com,2018-08-17 01:42:57
alklvbr@yahoo.com,2018-08-20 11:01:55
oneazpw@outlook.com,2021-07-03 11:55:55
qvsyyza@outlook.com,2023-10-24 23:40:07
bjqwoji@yahoo.com,2012-01-14 05:42:56
bjqwoji@yahoo.com,2020-03-18 20:59:02
csrjoxi@gmail.com,2025-08-22 01:21:13
csrjoxi@gmail.com,2016-07-04 00:17:16
zzrxvou@mail.com,2018-09-30 05:06:52
zzrxvou@mail.com,2014-04-27 12:29:16
dpilxmt@yahoo.com,2020-08-17 08:05:46
gysgmyb@outlook.com,2015-10-11 10:39:26
gysgmyb@outlook.com,2023-09-15 22:51:58
svxqmhp@yahoo.com,2017-08-18 06:01:07
uomhclh@gmail.com,2025-03-23 00:45:02
uomhclh@gmail.com,2017-01-25 09:52:54
ijeceqb@outlook.com,2021-11-18 13:24:22
ijeceqb@outlook.com,2017-08-28 17:57:08
wejwqxg@mail.com,2025-02-19 03:02:50
wejwqxg@mail.com,2012-03-31 19:36:09
uxjqpfi@mail.com,2024-04-03 18:08:48
ftonyml@outlook.com,2015-01-28 15:52:06
ftonyml@outlook.com,2020-09-03 02:18:07
troeeji@yahoo.com,2019-04-05 04:18:40
wklakxz@yahoo.com,2022-08-03 17:49:06
tfypxlr@mail.com,2016-01-28 03:20:28
ogbtxor@outlook.com,2022-10-27 11:15:36
lnbpewu@outlook.com,2023-01-16 20:26:51
lnbpewu@outlook.com,2020-09-14 06:28:15
vabjuxb@gmail.com,2025-02-09 20:56:28
vabjuxb@gmail.com,2021-01-25 19:25:10
wwqsoqm@yahoo.com,2016-06-23 21:53:58
wwqsoqm@yahoo.com,2023-01-04 02:25:44
